User Id,Name,Email,Server Name
2N7MFJA2,Hannah Miller,hannah.miller@cyber.net,Server1
6S1KUIDQ,Alice Johnson,alice.johnson@example.com,Server1
W0D862ZX,Bob Smith,bob.smith@cyber.net,Server1
SMPPK0OA,Alice Williams,alice.williams@company.org,Server1
YGXOZ4TM,George Jones,george.jones@company.org,Server1
3UNK1IFP,Alice Davis,alice.davis@cyber.net,Server1
PUKZWDNR,Edward Brown,edward.brown@company.org,Server1
HJUPK98C,Alice Davis,alice.davis@cyber.net,Server1
NQO7784U,Fiona Jones,fiona.jones@example.com,Server1
PNVN3NTW,Charlie Smith,charlie.smith@company.org,Server1
OKKE54M2,Hannah Johnson,hannah.johnson@cyber.net,Server1
DW3S34QV,Diana Garcia,diana.garcia@company.org,Server1
INZBM1W4,Edward Smith,edward.smith@company.org,Server1
CPMEIGUT,George Smith,george.smith@example.com,Server1
8V06UPZJ,George Miller,george.miller@company.org,Server1
